lat,lon,address
38.8399321,-90.8662299,301 East Pine Creek Court
38.839888,-90.8658759,303 East Pine Creek Court
38.8398962,-90.865614,305 East Pine Creek Court
38.8398907,-90.8653557,307 East Pine Creek Court
38.8399073,-90.8650902,309 East Pine Creek Court
38.83991,-90.8648496,311 East Pine Creek Court
38.8398907,-90.8645664,313 East Pine Creek Court
38.83991,-90.8643045,315 East Pine Creek Court
38.8399817,-90.8640462,317 East Pine Creek Court
38.8400175,-90.8637418,319 East Pine Creek Court
38.8398769,-90.8634976,321 East Pine Creek Court
38.8396095,-90.8634693,320 East Pine Creek Court
38.8394331,-90.8637383,318 East Pine Creek Court
38.8394689,-90.8640285,316 East Pine Creek Court
38.83948,-90.8643081,314 East Pine Creek Court
38.8394524,-90.8659078,302 East Pine Creek Court
38.8394552,-90.8656424,304 East Pine Creek Court
38.8394607,-90.8653663,306 East Pine Creek Court
38.8394717,-90.8651044,308 East Pine Creek Court
38.8394634,-90.8648496,310 East Pine Creek Court
38.8394552,-90.8645806,312 East Pine Creek Court
